{
    "hosts": {
        "h1": {"ip": "10.0.1.1/24", "mac": "08:00:00:00:11:11",
               "commands":["route add default gw 10.0.1.11 dev eth0",
                           "arp -i eth0 -s 10.0.1.11 08:00:00:00:01:00"]
               },
        "h2": {"ip": "10.0.1.2/24", "mac": "08:00:00:00:22:22",
               "commands":["route add default gw 10.0.1.22 dev eth0",
                           "arp -i eth0 -s 10.0.1.22 08:00:00:00:02:00"]
        	  }
    },
    "switches": {
        "s1": { "runtime_json" : "s1-runtime.json" },
        "s2": { "runtime_json" : "s2-runtime.json" },
        "s3": { "runtime_json" : "s3-runtime.json" },
        "s4": { "runtime_json" : "s4-runtime.json" },
        "s5": { "runtime_json" : "s5-runtime.json" },
        "s6": { "runtime_json" : "s6-runtime.json" }
    },
    "links": [
        ["h1", "s1-p5"],
        ["s1-p1", "s3-p1"], ["s3-p2", "s2-p1"],
        ["s1-p2", "s4-p1"], ["s4-p2", "s2-p2"],
        ["s1-p3", "s5-p1"], ["s5-p2", "s2-p3"],
        ["s1-p4", "s6-p1"], ["s6-p2", "s2-p4"],
        ["h2", "s2-p5"]
    ]
}